{
  "source": "hg38 first ~8M bp sample",
  "total_trinucs_counted": 7796481,
  "prob": {
    "AAA": 0.02372082994872711,
    "AAC": 0.011500316617235901,
    "AAG": 0.016303509237046376,
    "AAT": 0.01402055619709747,
    "ACA": 0.018946624765684345,
    "ACC": 0.014845672041020799,
    "ACG": 0.004771896449269177,
    "ACT": 0.013074231823326864,
    "AGA": 0.01952996486488585,
    "AGC": 0.01886440818617947,
    "AGG": 0.024263510678657094,
    "AGT": 0.013003558913331255,
    "ATA": 0.010024779127962784,
    "ATC": 0.011229425172751824,
    "ATG": 0.0150614103978495,
    "ATT": 0.013988875237444267,
    "CAA": 0.014803088726831067,
    "CAC": 0.020649059492311786,
    "CAG": 0.028542877228736052,
    "CAT": 0.015340767199973704,
    "CCA": 0.02446244658320009,
    "CCC": 0.025911048843618258,
    "CCG": 0.007631391649708579,
    "CCT": 0.024144995671695313,
    "CGA": 0.0038817512671103244,
    "CGC": 0.006064659171312271,
    "CGG": 0.007550842489132821,
    "CGT": 0.004773050816220104,
    "CTA": 0.008734325139821543,
    "CTC": 0.021904882471925232,
    "CTG": 0.028089339280016497,
    "CTT": 0.016300174399188145,
    "GAA": 0.01588986107963106,
    "GAC": 0.011910758199787534,
    "GAG": 0.02219475683960232,
    "GAT": 0.01095545541639861,
    "GCA": 0.0186225041784631,
    "GCC": 0.021529456686885037,
    "GCG": 0.006056706865650333,
    "GCT": 0.01813741353308489,
    "GGA": 0.0201185637468638,
    "GGC": 0.021466223030573175,
    "GGG": 0.025376320419350208,
    "GGT": 0.014683419352918356,
    "GTA": 0.007451438668358598,
    "GTC": 0.011784162624169264,
    "GTG": 0.020120102902798368,
    "GTT": 0.01115208258703975,
    "TAA": 0.011131432244917623,
    "TAC": 0.007578290769965962,
    "TAG": 0.00862017107467437,
    "TAT": 0.009987967648527683,
    "TCA": 0.01730421712050508,
    "TCC": 0.019863705176698145,
    "TCG": 0.003810308779147431,
    "TCT": 0.0196722085258389,
    "TGA": 0.017420166867575915,
    "TGC": 0.017950790876018446,
    "TGG": 0.024453852962565414,
    "TGT": 0.018047757699896267,
    "TTA": 0.011107190538948167,
    "TTC": 0.015732097596337778,
    "TTG": 0.01460184408838622,
    "TTT": 0.023334501809150386
  }
}